timestamp,price,date,moving_avg,daily_variation,daily_variation_smooth
1696032000000,26917.199101637976,2023-09-30 00:00:00,,,
1696118400000,26969.876144072576,2023-10-01 00:00:00,,0.0019570031129796384,
1696204800000,27967.510579087117,2023-10-02 00:00:00,,0.036990693975945454,
1696291200000,27615.06488509527,2023-10-03 00:00:00,,-0.012601968737803504,
1696377600000,27439.12194670512,2023-10-04 00:00:00,,-0.006371266521452701,
1696464000000,27792.1112772493,2023-10-05 00:00:00,,0.012864454308333606,
1696550400000,27435.874615135104,2023-10-06 00:00:00,,-0.01281790572009589,
1696636800000,27958.196437350485,2023-10-07 00:00:00,,0.019037914028344538,
1696723200000,27977.543490700005,2023-10-08 00:00:00,,0.0006919993352529907,
1696809600000,27948.10365174851,2023-10-09 00:00:00,,-0.0010522667567751665,
1696896000000,27593.782534439662,2023-10-10 00:00:00,,-0.012677823215625605,
1696982400000,27392.247702732497,2023-10-11 00:00:00,,-0.0073036319488142265,
1697068800000,26842.1904390924,2023-10-12 00:00:00,,-0.020080764076371382,
1697155200000,26729.137205815103,2023-10-13 00:00:00,,-0.00421177375720605,
1697241600000,26841.136220644406,2023-10-14 00:00:00,,0.004190147028200197,
1697328000000,26863.18356907992,2023-10-15 00:00:00,,0.0008214014583538543,
1697414400000,27150.29700140705,2023-10-16 00:00:00,,0.010687989812853127,
1697500800000,28513.30993247735,2023-10-17 00:00:00,,0.05020250537221238,
1697587200000,28417.72175169982,2023-10-18 00:00:00,,-0.003352405631050659,
1697673600000,28328.245198134824,2023-10-19 00:00:00,,-0.0031486181174831263,
1697760000000,28715.748142407952,2023-10-20 00:00:00,,0.013679031001138098,
1697846400000,29677.392888476206,2023-10-21 00:00:00,,0.03348840995885727,
1697932800000,29920.07449265145,2023-10-22 00:00:00,,0.008177322215843219,
1698019200000,30019.38050086351,2023-10-23 00:00:00,,0.0033190428130935867,
1698105600000,32953.262760830985,2023-10-24 00:00:00,,0.0977329382224621,
1698192000000,33846.72425733224,2023-10-25 00:00:00,,0.02711299038841286,
1698278400000,34471.986031672015,2023-10-26 00:00:00,,0.018473332000638942,
1698364800000,34174.451552912586,2023-10-27 00:00:00,,-0.008631196313611311,
1698451200000,33899.09305644032,2023-10-28 00:00:00,,-0.008057437177767968,
1698537600000,34092.630932838576,2023-10-29 00:00:00,29082.086610024344,0.005709234641647409,
1698624000000,34556.242814761616,2023-10-30 00:00:00,29336.7214004618,0.013598595040562822,0.00861426489136915
1698710400000,34498.70391946407,2023-10-31 00:00:00,29587.68232630818,-0.0016650796096666642,0.008493528800614273
1698796800000,34672.2892841885,2023-11-01 00:00:00,29811.17494981156,0.005031648873814465,0.007428227297209907
1698883200000,35457.45491210553,2023-11-02 00:00:00,30072.587950711903,0.022645335630465224,0.008603137442818865
1698969600000,34924.05545044328,2023-11-03 00:00:00,30322.085734169847,-0.015043365717716584,0.00831406746961007
1699056000000,34731.38136896784,2023-11-04 00:00:00,30553.39473722713,-0.00551694466723196,0.007701354170424549
1699142400000,35048.407834901074,2023-11-05 00:00:00,30807.14584455266,0.00912795441578651,0.00843288284162063
1699228800000,35061.92874919579,2023-11-06 00:00:00,31043.93692161417,0.0003857782743914573,0.0078111449831555265
1699315200000,35031.26888208706,2023-11-07 00:00:00,31279.061101327068,-0.0008744489593839333,0.007758930040000962
1699401600000,35436.53762957962,2023-11-08 00:00:00,31528.675567254773,0.011568771569670178,0.008179631317549141
1699488000000,35795.0806307102,2023-11-09 00:00:00,31802.052170463794,0.010117890322086653,0.008939488435472882
1699574400000,36768.42081912672,2023-11-10 00:00:00,32114.5912743436,0.027192009942881512,0.010089343165196074
1699660800000,37344.249000720345,2023-11-11 00:00:00,32464.659893064534,0.015660944059204374,0.011280733436381933
1699747200000,37122.72282430656,2023-11-12 00:00:00,32811.112747014246,-0.005932002445932394,0.011223392480091054
1699833600000,37067.69698212008,2023-11-13 00:00:00,33151.998105730105,-0.00148226848679478,0.011034311962924556
1699920000000,36549.16204829837,2023-11-14 00:00:00,33474.86405503738,-0.013988862973381533,0.010540636481866709
1700006400000,35545.201433454065,2023-11-15 00:00:00,33754.69420277229,-0.027468772430886634,0.009268744407075384
1700092800000,37903.66245166294,2023-11-16 00:00:00,34067.7059534118,0.06635103820199939,0.00980702883473495
1700179200000,36201.51611146142,2023-11-17 00:00:00,34327.16576540386,-0.04490717334696093,0.008421869910871274
1700265600000,36527.76022530742,2023-11-18 00:00:00,34600.48293297628,0.00901189090648935,0.008827220211670357
1700352000000,36582.36844192274,2023-11-19 00:00:00,34862.70360962677,0.0014949785116440406,0.008421085128687222
1700438400000,37413.99460790531,2023-11-20 00:00:00,35120.59033360774,0.02273297769943028,0.008062570720039656
1700524800000,37489.298470802016,2023-11-21 00:00:00,35372.897799546095,0.0020127191358709773,0.007857083950707248
1700611200000,35965.36036068078,2023-11-22 00:00:00,35571.09712820667,-0.04064995004662819,0.006391450855383189
1700697600000,37464.83293220907,2023-11-23 00:00:00,35721.48280058594,0.041692132554511874,0.004523423999784848
1700784000000,37293.316127426726,2023-11-24 00:00:00,35836.36919625576,-0.004578074726576231,0.003467055162618545
1700870400000,37738.93169747125,2023-11-25 00:00:00,35945.26738511573,0.011948939282361293,0.0032495754053426234
1700956800000,37809.85286625321,2023-11-26 00:00:00,36066.44742889375,0.0018792574562123132,0.003599923864336744
1701043200000,37491.838186008135,2023-11-27 00:00:00,36186.205599879344,-0.008410894413422021,0.003588141956481609
1701129600000,37250.16905148115,2023-11-28 00:00:00,36291.45687050077,-0.006445913196573505,0.0031829703618742452
1701216000000,37802.23604377473,2023-11-29 00:00:00,36399.656644801194,0.014820523137240027,0.003223701298430152
1701302400000,37810.34641654128,2023-11-30 00:00:00,36510.0447280371,0.00021454743463222847,0.003286355533240115
1701388800000,37711.81837585267,2023-12-01 00:00:00,36611.36236442591,-0.002605848663833066,0.003031772281985197
1701475200000,38688.25874179069,2023-12-02 00:00:00,36719.055825415424,0.025892158161305856,0.0031399996996798853
1701561600000,39481.666416062864,2023-12-03 00:00:00,36870.97619093607,0.02050771216061853,0.004325035628957722
1701648000000,39960.27542041052,2023-12-04 00:00:00,37045.272659317496,0.012122310119943025,0.004913010788530222
1701734400000,41974.331772543344,2023-12-05 00:00:00,37276.13679057223,0.050401463226755094,0.0062887944155625075
1701820800000,44105.94477259938,2023-12-06 00:00:00,37577.60399135236,0.05078372686448307,0.007968726035232227
1701907200000,43788.28880825234,2023-12-07 00:00:00,37869.504655557874,-0.007202112231918023,0.007757803926147759
1701993600000,43270.11955970747,2023-12-08 00:00:00,38130.62405322879,-0.011833512170660976,0.006977727801470054
1702080000000,44202.17610943621,2023-12-09 00:00:00,38410.86056918633,0.021540420022242213,0.0073584787914752385
1702166400000,43745.49199189547,2023-12-10 00:00:00,38643.429608278624,-0.010331711190192938,0.006107688087039423
1702252800000,43757.959937619176,2023-12-11 00:00:00,38857.219972841915,0.000285010984126588,0.005595156984536831
1702339200000,41200.96272610168,2023-12-12 00:00:00,38993.16130290175,-0.058435018798013494,0.003845056439467461
1702425600000,41450.81938737744,2023-12-13 00:00:00,39139.26538307699,0.00606434036351966,0.004096610067811275
1702512000000,42931.76182603245,2023-12-14 00:00:00,39352.018709001466,0.03572769997174019,0.005753828832648666
1702598400000,43009.5954563739,2023-12-15 00:00:00,39600.83184309879,0.0018129614772588454,0.006729886629586849
1702684800000,41992.01418722399,2023-12-16 00:00:00,39737.11023428416,-0.02365940107904707,0.003729538653551967
1702771200000,42247.06788172229,2023-12-17 00:00:00,39938.62862662619,0.006073861886241483,0.005428906494658714
1702857600000,41410.819634575855,2023-12-18 00:00:00,40101.397273601804,-0.019794231625438474,0.00446870241026112
1702944000000,42684.182554683386,2023-12-19 00:00:00,40304.791077360496,0.030749522258775475,0.005443853868498835
1703030400000,42250.20618279751,2023-12-20 00:00:00,40465.9981298569,-0.010167147311065383,0.004347183034815645
1703116800000,43634.1241684964,2023-12-21 00:00:00,40670.82565311338,0.03275529543480338,0.005371935578113393
1703203200000,43849.69959939619,2023-12-22 00:00:00,40933.63696107056,0.004940523844762623,0.006891618041159753
1703289600000,44003.6960216438,2023-12-23 00:00:00,41151.59906405172,0.003511915102144325,0.005618944126080835
1703376000000,43752.03088478376,2023-12-24 00:00:00,41366.889555963615,-0.005719181787281147,0.005580907224057337
1703462400000,43034.97106309152,2023-12-25 00:00:00,41543.42420148429,-0.016389177992229387,0.004636303314904315
1703548800000,43638.23630220092,2023-12-26 00:00:00,41737.70364934921,0.014018023579590366,0.0050409288523502495
1703635200000,42516.42694028252,2023-12-27 00:00:00,41905.189941158365,-0.025707027986871744,0.0044643910665685925
1703721600000,43418.46777504291,2023-12-28 00:00:00,42110.79989861042,0.021216289789058873,0.005386464499423005
1703808000000,42600.65063315619,2023-12-29 00:00:00,42270.7470515898,-0.018835697890675074,0.0042645904651591685
1703894400000,42074.70715618848,2023-12-30 00:00:00,42412.89240957805,-0.012345902448690937,0.0038459088023817295
1703980800000,42220.61140121376,2023-12-31 00:00:00,42563.18551042341,0.0034677423774729377,0.004048361837091929
1704067200000,42208.20217618648,2024-01-01 00:00:00,42680.5169582366,-0.000293913911131205,0.003175492768010694
1704153600000,44168.68118687473,2024-01-02 00:00:00,42836.750783930336,0.04644782079333232,0.00404016305576782
1704240000000,44994.67388689237,2024-01-03 00:00:00,43004.5640661464,0.01870086852996411,0.004259448336101856
1704326400000,42821.558989158,2024-01-04 00:00:00,43032.80497336689,-0.04829715853029948,0.0009694942775333707
1704412800000,44195.57856209971,2024-01-05 00:00:00,43035.79276635023,0.032087098306943895,0.0003462733256153983
1704499200000,44113.69973389081,2024-01-06 00:00:00,43046.63979720485,-0.0018526475016918953,0.0005245888166229358
1704585600000,43956.12071720152,2024-01-07 00:00:00,43069.50650245465,-0.0035721106513364465,0.0007999688672670868
1704672000000,43883.74387905174,2024-01-08 00:00:00,43058.89209477517,-0.0016465701924750498,2.706919344317808e-05
1704758400000,46936.18556121751,2024-01-09 00:00:00,43165.2485470859,0.06955745823735149,0.002690041507694659
1704844800000,46105.94607828697,2024-01-10 00:00:00,43243.51475177483,-0.017688686735049752,0.002090918250388781
1704931200000,46632.31314804979,2024-01-11 00:00:00,43424.55976583976,0.011416468254854983,0.004419301152151064
1705017600000,46314.35554160269,2024-01-12 00:00:00,43586.67763764727,-0.006818396622051415,0.003989876585965361
1705104000000,42893.92960550481,2024-01-13 00:00:00,43585.41656362968,-0.07385239190093917,0.0003372068568760489
1705190400000,42848.47451640749,2024-01-14 00:00:00,43580.045865630804,-0.0010597091363595545,0.00024145116975543557
1705276800000,41800.93282193406,2024-01-15 00:00:00,43573.67648678781,-0.024447584337507933,0.00021517839447340685
1705363200000,42587.336038354406,2024-01-16 00:00:00,43585.01875867554,0.01881305423901214,0.0006398181395657621
1705449600000,43148.00164342693,2024-01-17 00:00:00,43642.924825637245,0.013165078101329941,0.0017384617971247093
1705536000000,42713.859186938986,2024-01-18 00:00:00,43643.91404671243,-0.010061704828781548,0.00037808756087280847
1705622400000,41261.39479801012,2024-01-19 00:00:00,43610.95366721952,-0.03400452257362396,-0.00041649161454581084
1705708800000,41600.94093254464,2024-01-20 00:00:00,43543.18089268779,0.008229148243696693,-0.001234029854249367
1705795200000,41626.10711003664,2024-01-21 00:00:00,43469.06114304248,0.0006049425067766734,-0.001378549232182232
1705881600000,41541.89945706261,2024-01-22 00:00:00,43387.00125755644,-0.002022952873095507,-0.001563044831356893
1705968000000,39504.73005758438,2024-01-23 00:00:00,43245.42456331646,-0.049038908333593034,-0.003007035716233956
1706054400000,39833.45410501688,2024-01-24 00:00:00,43138.70733138064,0.008321131341824994,-0.0021833587384321434
1706140800000,40123.67105847147,2024-01-25 00:00:00,43021.55515658965,0.0072857591683981315,-0.002407767552138551
1706227200000,39938.28644155878,2024-01-26 00:00:00,42935.61713996553,-0.004620330394059069,-0.0017048776323781286
1706313600000,41862.9356109399,2024-01-27 00:00:00,42883.766067828765,0.048190579538194056,-0.0008057346407402892
1706400000000,42119.61049464309,2024-01-28 00:00:00,42867.73139654499,0.006131315923198599,2.6499153055499954e-05
1706486400000,42026.57856232145,2024-01-29 00:00:00,42866.12711008276,-0.0022087557607750608,0.00036440404265269586
1706572800000,43267.60927638767,2024-01-30 00:00:00,42901.02703925523,0.029529663287386043,0.0012331347396497994
1706659200000,42892.03453014447,2024-01-31 00:00:00,42923.821451053824,-0.008680274979929736,0.0009535893706898483
1706745600000,42583.26354663417,2024-02-01 00:00:00,42870.97419637914,-0.007198795461504592,-0.0008346311711380487
1706832000000,43069.0434209368,2024-02-02 00:00:00,42806.78651418061,0.011407765254315194,-0.0010777346136596792
1706918400000,43170.65856159975,2024-02-03 00:00:00,42818.42316659535,0.0023593544827500423,0.0006108158201086381
1707004800000,42976.84829990829,2024-02-04 00:00:00,42777.798824522295,-0.00448939784911806,-0.0006084007184267604
1707091200000,42599.35997055978,2024-02-05 00:00:00,42727.320832411264,-0.008783527510306421,-0.0008394300520472446
1707177600000,42648.45692113544,2024-02-06 00:00:00,42683.732039209055,0.0011525278926629579,-0.0006819421005805977
1707264000000,43087.78740814285,2024-02-07 00:00:00,42657.20015684543,0.010301204749794568,-0.00028368293583827715
1707350400000,44247.415415479314,2024-02-08 00:00:00,42567.574485320816,0.026913148181688884,-0.0017051599376936974
1707436800000,45338.27118978949,2024-02-09 00:00:00,42541.9853223709,0.024653547875443937,-0.00029375211734390764
1707523200000,47143.24299107112,2024-02-10 00:00:00,42559.01631713829,0.03981121807062027,0.0006527395431816019
1707609600000,47768.995251247936,2024-02-11 00:00:00,42607.50430745979,0.013273424153177782,0.0013224669023559085
1707696000000,48189.88179303987,2024-02-12 00:00:00,42784.03604704429,0.008810872817781146,0.004077909059646586
1707782400000,50050.13609456397,2024-02-13 00:00:00,43024.091432982845,0.03860259108983266,0.005399985733852993
1707868800000,49732.14536955351,2024-02-14 00:00:00,43288.46518457016,-0.006353443763062905,0.0060031237530011605
1707955200000,51790.16929752642,2024-02-15 00:00:00,43595.22629320923,0.0413821666586065,0.006755427500320973
1708041600000,51958.23029105492,2024-02-16 00:00:00,43888.900581463495,0.0032450365736982345,0.006424759449399916
1708128000000,52166.43430976192,2024-02-17 00:00:00,44203.98641889092,0.004007142228299676,0.0068937210179692895
1708214400000,51684.51749264525,2024-02-18 00:00:00,44551.423842045435,-0.009238063200851854,0.00771926966372836
1708300800000,52138.48578873693,2024-02-19 00:00:00,44902.67533725184,0.008783448469965371,0.007737746337937316
1708387200000,51764.313185487765,2024-02-20 00:00:00,45240.61553976687,-0.00717651457630164,0.007478364435168039
1708473600000,52286.79372554667,2024-02-21 00:00:00,45598.77868204968,0.010093450640148438,0.007882244552276171
1708560000000,51842.75676625642,2024-02-22 00:00:00,46010.04623900541,-0.008492334825902725,0.009233797002532514
1708646400000,51319.500125702674,2024-02-23 00:00:00,46392.91443969494,-0.010093148458770296,0.008619987675846005
1708732800000,50841.081094770896,2024-02-24 00:00:00,46750.16144090492,-0.009322363424427937,0.008066383589418469
1708819200000,51553.096712831146,2024-02-25 00:00:00,47137.32178328067,0.014004730086935258,0.008687218938784946
1708905600000,51751.88405493456,2024-02-26 00:00:00,47466.95339808048,0.0038559728663969395,0.0072093987163917095
1708992000000,54478.19108312296,2024-02-27 00:00:00,47878.906084363145,0.05268034348845019,0.008761032968566762
1709078400000,57003.52673730811,2024-02-28 00:00:00,48378.13769019603,0.046354983599436794,0.010379824280573824
1709164800000,62558.58202419311,2024-02-29 00:00:00,49021.170115122884,0.09745108074601427,0.012643871529194765
1709251200000,61298.21686110162,2024-03-01 00:00:00,49634.70952615479,-0.020146958615591237,0.012261648741339382
1709337600000,62426.64052919186,2024-03-02 00:00:00,50296.15542557338,0.018408751932331047,0.013115233654467236
1709424000000,62067.86680212177,2024-03-03 00:00:00,50929.44953827955,-0.005747125330287872,0.0125434039683138
1709510400000,63053.10543906421,2024-03-04 00:00:00,51592.197767528356,0.01587357013708046,0.012993877823458148
1709596800000,68186.64593432152,2024-03-05 00:00:00,52432.52435534213,0.08141614056136337,0.015857395770474195
1709683200000,64291.536557569496,2024-03-06 00:00:00,53155.596908242456,-0.05712422606185763,0.014246039152089156
1709769600000,66145.91927850846,2024-03-07 00:00:00,53938.84565348823,0.02884334113368814,0.015169066260123328
1709856000000,66944.87639053575,2024-03-08 00:00:00,54734.08195290132,0.012078705999432282,0.015228316301777919
1709942400000,68315.25192078314,2024-03-09 00:00:00,55536.34316974479,0.020470207790855177,0.015013551622083461
1710028800000,68508.0039626159,2024-03-10 00:00:00,56308.66759550567,0.002821508175894216,0.014285816965431804
1710115200000,69075.66688195744,2024-03-11 00:00:00,57039.74839186854,0.008286081720485061,0.013234979087093963
1710201600000,72130.55300765681,2024-03-12 00:00:00,57851.800317082176,0.0442252136475183,0.01426670540357198
1710288000000,71467.17350326062,2024-03-13 00:00:00,58627.710040756196,-0.009196928024741036,0.01366644537548791
1710374400000,73097.76702694128,2024-03-14 00:00:00,59395.96440516877,0.022815978913819146,0.01314022496962079
1710460800000,71420.03180142345,2024-03-15 00:00:00,60118.893952897764,-0.022951935384010747,0.012586941915589197
1710547200000,69497.7631929463,2024-03-16 00:00:00,60709.1470827451,-0.026914978332995387,0.010310370415869134
1710633600000,65292.31329331289,2024-03-17 00:00:00,61153.61651615369,-0.06051201803370043,0.008185135262289178
1710720000000,68425.41565643054,2024-03-18 00:00:00,61695.582561042655,0.04798577665708992,0.009651089743248853
1710806400000,67708.94360930806,2024-03-19 00:00:00,62229.73009826474,-0.010470846837379089,0.009609996955364611
1710892800000,62132.51737873437,2024-03-20 00:00:00,62562.864484597994,-0.08235878354195869,0.006571922554967143
1710979200000,67819.05570684028,2024-03-21 00:00:00,63098.02256864308,0.09152274152104778,0.009861897758212123
1711065600000,65535.97844847657,2024-03-22 00:00:00,63539.66205940741,-0.03366424428309234,0.008403307927437431
1711152000000,63509.04496523133,2024-03-23 00:00:00,63928.53833270657,-0.030928560635419267,0.00765543373378688
1711238400000,64285.80279102199,2024-03-24 00:00:00,64360.74842155055,0.012230664564644389,0.008399560834567369
1711324800000,67310.98326810106,2024-03-25 00:00:00,64909.74516066155,0.04705829818930973,0.010278916221691959
1711411200000,69938.94530200244,2024-03-26 00:00:00,65522.60678030059,0.039042098425960514,0.011113495166326133
1711497600000,70082.05122475982,2024-03-27 00:00:00,66133.6123526281,0.0020461550019010843,0.011053167904176271
1711584000000,69435.75040305211,2024-03-28 00:00:00,66632.19766329242,-0.0092220591494242,0.008989754482913791
1711670400000,70710.19534863312,2024-03-29 00:00:00,67089.08661700324,0.01835430506883373,0.00805639853189369
1711756800000,69919.05546148612,2024-03-30 00:00:00,67334.43573157968,-0.011188483969621688,0.004435079708039158
1711843200000,69702.3087473573,2024-03-31 00:00:00,67614.5721277882,-0.003099966278123034,0.005003312785954765
1711929600000,71246.95144060145,2024-04-01 00:00:00,67908.58249150185,0.022160567146245702,0.005128373293085253
1712016000000,69785.92503802372,2024-04-02 00:00:00,68165.85109936525,-0.020506511128350335,0.004636393766483171
1712102400000,65440.41922587159,2024-04-03 00:00:00,68245.42822559217,-0.062269086635799775,0.0020316385407204967
1712188800000,66123.938539074,2024-04-04 00:00:00,68176.67131241725,0.010444910367141791,-0.0003340691324202227
1712275200000,68542.17715279506,2024-04-05 00:00:00,68318.3593322581,0.036571303330518834,0.0027891151806589925
1712361600000,67978.61023408506,2024-04-06 00:00:00,68379.44903077731,-0.008222191679929991,0.001553597420205055
1712448000000,69000.6499164776,2024-04-07 00:00:00,68447.97481497539,0.015034724582823067,0.001652131372984748
1712534400000,69401.97360911008,2024-04-08 00:00:00,68484.19887125294,0.005816230616932705,0.0011636654671873321
1712620800000,71624.18486236996,2024-04-09 00:00:00,68588.07156791141,0.03201942448749295,0.0021369293442406235
1712707200000,69158.64381207665,2024-04-10 00:00:00,68590.83746558205,-0.034423303455822785,0.0007132831716970286
1712793600000,70527.88997578963,2024-04-11 00:00:00,68537.41536451981,0.019798626581423395,-0.00010093639717280167
1712880000000,70106.66413070948,2024-04-12 00:00:00,68492.06505210145,-0.005972471957189418,6.5454717455855816e-06
1712966400000,67252.10504226631,2024-04-13 00:00:00,68297.20965261228,-0.04071737150581045,-0.002111232875575401
1713052800000,64404.82548907413,2024-04-14 00:00:00,68063.36944220064,-0.04233740418092091,-0.00275741516880574
1713139200000,65752.66004728881,2024-04-15 00:00:00,67938.53267067872,0.02092753994719443,-0.0011626645594660793
1713225600000,63430.5714573684,2024-04-16 00:00:00,67876.47460948056,-0.03531550796956928,-0.00032278089066170763
1713312000000,63720.501587480736,2024-04-17 00:00:00,67719.64414051556,0.004570826392557237,-0.0017699458994794638
1713398400000,61328.89798860725,2024-04-18 00:00:00,67506.97595315888,-0.037532717717077224,-0.002672008262136068
1713484800000,63461.59269510717,2024-04-19 00:00:00,67551.27846370464,0.03477471104887786,0.0012324415575584835
1713571200000,63988.818471785664,2024-04-20 00:00:00,67423.60388920283,0.00830779301760498,-0.001541390059222943
1713657600000,64894.41869109179,2024-04-21 00:00:00,67402.21856395666,0.014152476025251604,5.250061772185492e-05
1713744000000,64936.4207567739,2024-04-22 00:00:00,67449.79775700807,0.0006472369508701004,0.0011050272039315006
1713830400000,66841.66685207361,2024-04-23 00:00:00,67534.9932257098,0.029340177254856936,0.0016753442936052521
1713916800000,66406.95244392671,2024-04-24 00:00:00,67504.85886490399,-0.006503644038515111,-0.00011005378065557607
1714003200000,64279.51812857524,2024-04-25 00:00:00,67316.21129245641,-0.032036319045778416,-0.002479334363046874
1714089600000,64486.183359158975,2024-04-26 00:00:00,67129.68236360306,0.003215102362316369,-0.0024403694510330308
1714176000000,63802.330049258766,2024-04-27 00:00:00,66941.90168514328,-0.010604648535197936,-0.0024864557638921555
1714262400000,63517.248743409626,2024-04-28 00:00:00,66702.1367983025,-0.004468195842205813,-0.0032472057942601403
1714348800000,63030.433616681854,2024-04-29 00:00:00,66472.51607014234,-0.007664298066409558,-0.003129732930819736
1714435200000,63797.67963589958,2024-04-30 00:00:00,66275.69509976043,0.012172627970223227,-0.0026206464558748608
1714521600000,60749.47209216387,2024-05-01 00:00:00,65925.77912147918,-0.047779285408688255,-0.004951974874372659
1714608000000,58297.57407532549,2024-05-02 00:00:00,65542.83408938923,-0.040360811911559935,-0.005613784900479646
1714694400000,59135.1733607733,2024-05-03 00:00:00,65332.65922721929,0.014367652492118355,-0.0030592269295490414
1714780800000,62839.34073569376,2024-05-04 00:00:00,65223.17263377328,0.06263898733029816,-0.001319424364110496
1714867200000,63820.451902924986,2024-05-05 00:00:00,65065.781792110945,0.015613008598512224,-0.0020180341885107163
1714953600000,64010.00865210892,2024-05-06 00:00:00,64933.49507271174,0.0029701567997710843,-0.0016449559058540138
1715040000000,63172.48129551341,2024-05-07 00:00:00,64739.222785346275,-0.013084318753140978,-0.0025822573503861486
1715126400000,62363.057191718624,2024-05-08 00:00:00,64504.59223809989,-0.012812922449704,-0.0032032291192740387
1715212800000,61215.50400879193,2024-05-09 00:00:00,64157.63620964728,-0.01840116945195369,-0.00488391558392226
1715299200000,63148.59994309703,2024-05-10 00:00:00,63957.30141401463,0.03157853497420304,-0.0026838543029213996
1715385600000,60888.21674957157,2024-05-11 00:00:00,63635.9789731407,-0.03579466837843259,-0.004536964134916599
1715472000000,60776.97207917213,2024-05-12 00:00:00,63324.989238089445,-0.0018270311784130966,-0.004398782775624055
1715558400000,61507.05400412135,2024-05-13 00:00:00,63133.48753681795,0.012012476106874281,-0.002641121188534564
1715644800000,62878.783300729294,2024-05-14 00:00:00,63082.619463873125,0.022301983387401858,-0.0004864749362571382
1715731200000,61569.1130057734,2024-05-15 00:00:00,62943.16789582262,-0.020828492954326983,-0.0018783426996411853
1715817600000,66220.51831432826,2024-05-16 00:00:00,63036.16612438795,0.07554770698286162,0.0018170977987731782
1715904000000,65260.879803346186,2024-05-17 00:00:00,63087.51206491679,-0.01449155843853367,0.0011816849710701478
1715990400000,67053.12326509564,2024-05-18 00:00:00,63278.319574133064,0.027462753599861056,0.0033482006816347573
1716076800000,66912.61861403697,2024-05-19 00:00:00,63393.35377143074,-0.002095422915695977,0.0021191962161489627
1716163200000,66252.71259591613,2024-05-20 00:00:00,63468.81690890175,-0.009862205840833749,0.0015135295875343382
1716249600000,71430.29700215145,2024-05-21 00:00:00,63686.6795192704,0.07814901765327065,0.0036467476418016397
1716336000000,70189.8358177002,2024-05-22 00:00:00,63861.79335463462,-0.01736603705307138,0.00304630517500359
1716422400000,69181.20085677762,2024-05-23 00:00:00,63939.777821458076,-0.014370100017646936,0.0015892959325867946
1716508800000,67906.46534276106,2024-05-24 00:00:00,63989.76158475256,-0.01842603912955454,0.0011918827628854803
1716595200000,68539.91646552991,2024-05-25 00:00:00,64131.774862651044,0.009328288839236087,0.002570703025719297
1716681600000,69268.44558973772,2024-05-26 00:00:00,64291.18360367034,0.010629267757777283,0.002817841872234661
1716768000000,68508.83110875699,2024-05-27 00:00:00,64448.06697232027,-0.010966241186929016,0.002805788783843625
1716854400000,69367.23871755725,2024-05-28 00:00:00,64643.0666381252,0.012529882569993767,0.003372391397583611
1716940800000,68316.63588049631,2024-05-29 00:00:00,64819.27338025234,-0.015145519073329172,0.003123017364019624
1717027200000,67577.26558995963,2024-05-30 00:00:00,64945.25957872101,-0.010822697590525898,0.0023565065119946532
1717113600000,68372.49288434093,2024-05-31 00:00:00,65199.36027179358,0.011767674933853112,0.004341405190079365
1717200000000,67474.95483698409,2024-06-01 00:00:00,65505.27296384887,-0.013127180383419867,0.0052491929076840345
1717286400000,67704.32641811523,2024-06-02 00:00:00,65790.9113990936,0.003399358794463625,0.00488358311776221
1717372800000,67740.01690222476,2024-06-03 00:00:00,65954.2672713113,0.0005271521924479217,0.002813188613167202
1717459200000,68808.29368590549,2024-06-04 00:00:00,66120.52866407733,0.01577024678370953,0.002818429886007112
1717545600000,70600.01116676089,2024-06-05 00:00:00,66340.19541456572,0.026039266269763717,0.0035874002016735335
1717632000000,71184.59943059199,2024-06-06 00:00:00,66607.26601906834,0.008280285713415436,0.00429955368389208
1717718400000,70759.58819301432,2024-06-07 00:00:00,66887.1503857782,-0.005970550385579809,0.00452763275269622
1717804800000,69325.36238847222,2024-06-08 00:00:00,67157.4789984342,-0.02026899592221898,0.004465371870354044
1717891200000,69315.1041233966,2024-06-09 00:00:00,67363.02913777751,-0.0001479727580526724,0.003407821612612187
1717977600000,69654.16073760358,2024-06-10 00:00:00,67655.22727071193,0.004891525714271205,0.00476402808236898
1718064000000,69493.17760915738,2024-06-11 00:00:00,67945.76745504476,-0.002311177490927574,0.004747889871951831
1718150400000,67329.15232724321,2024-06-12 00:00:00,68139.83739914882,-0.03114011125070515,0.0033094702933658495
1718236800000,68224.51967501991,2024-06-13 00:00:00,68318.02861162517,0.013298360618367866,0.00300934953439805
1718323200000,66700.31696564378,2024-06-14 00:00:00,68489.06874362085,-0.02234098116976857,0.002958933260549997
1718409600000,66011.07873713733,2024-06-15 00:00:00,68482.08742438116,-0.010333357618997008,9.623110715470951e-05
1718496000000,66190.4874891135,2024-06-16 00:00:00,68513.07434724008,0.0027178582051445854,0.0006698783286106513
1718582400000,66615.53782131766,2024-06-17 00:00:00,68498.4881657808,0.006421622627784229,-3.149270379190957e-05
1718668800000,66460.38897909952,2024-06-18 00:00:00,68483.41384461623,-0.0023290188339287754,-3.9279234399669516e-05
1718755200000,65109.31481219048,2024-06-19 00:00:00,68445.3005851587,-0.02032901383309571,-0.0003881728341417349
1718841600000,64907.07460760319,2024-06-20 00:00:00,68227.85983867376,-0.0031061639209483127,-0.0030966788866157004
1718928000000,64844.67441797763,2024-06-21 00:00:00,68049.68779201634,-0.0009613773229312228,-0.002549856895611028
1719014400000,64071.624284709695,2024-06-22 00:00:00,67879.36857294741,-0.011921567040108605,-0.002468239129693084
1719100800000,64239.90348813148,2024-06-23 00:00:00,67757.14984445975,0.0026264232458665937,-0.0017664903838457127
1719187200000,63221.35738437477,2024-06-24 00:00:00,67579.86454175458,-0.015855349221452153,-0.0026059449858686543
1719273600000,60363.23497529626,2024-06-25 00:00:00,67283.02418793987,-0.045208178491037865,-0.004467193194162492
1719360000000,61770.41387009536,2024-06-26 00:00:00,67058.41027998448,0.02331185357072041,-0.0033245900355741782
1719446400000,60749.89619402014,2024-06-27 00:00:00,66771.1655291999,-0.016521140334617046,-0.004292957465727872
1719532800000,61562.64532550036,2024-06-28 00:00:00,66546.03251070004,0.013378609386993867,-0.003342153183717104
1719619200000,60317.09697945116,2024-06-29 00:00:00,66304.02689034976,-0.02023220963725003,-0.0036558035852745753
1719705600000,60864.44316193428,2024-06-30 00:00:00,66053.75856626955,0.009074478214188275,-0.003745576809263403
1719792000000,62734.39383945474,2024-07-01 00:00:00,65895.7398663519,0.030723203571341617,-0.002283897344104687
1719878400000,62819.82226921849,2024-07-02 00:00:00,65732.92306138868,0.0013617479110801245,-0.0023518177068841367
1719964800000,62042.5650371006,2024-07-03 00:00:00,65543.00799921787,-0.012372802151316309,-0.0027818161850096113
1720051200000,60244.68076433092,2024-07-04 00:00:00,65257.55423516538,-0.02897823891862894,-0.004273432375087561
1720137600000,57189.17412408636,2024-07-05 00:00:00,64810.5263337429,-0.050718280875240884,-0.0068320172799210465
1720224000000,56739.86285107204,2024-07-06 00:00:00,64329.03511442557,-0.007856579149743137,-0.007369912775359666
1720310400000,58230.4841542266,2024-07-07 00:00:00,63911.39831313263,0.02627114744825998,-0.006295189514231673
1720396800000,55880.3753776708,2024-07-08 00:00:00,63463.23207943926,-0.04035873667701961,-0.006964847539391694
1720483200000,56665.14073352028,2024-07-09 00:00:00,63041.56663311005,0.014043666502696173,-0.006491792897366733
1720569600000,57988.30351208401,2024-07-10 00:00:00,62652.70472559273,0.023350560175720236,-0.005876491748651765
1720656000000,57704.20228446288,2024-07-11 00:00:00,62259.73888143626,-0.004899285035333434,-0.00596276200013196
1720742400000,57388.19247916668,2024-07-12 00:00:00,61928.37355316703,-0.005476374211680013,-0.005107304098831122
1720828800000,57899.28895749592,2024-07-13 00:00:00,61584.19919591623,0.008905951838695358,-0.005253717724820206
1720915200000,59152.71913887286,2024-07-14 00:00:00,61332.61260169054,0.021648455515526077,-0.003787403168643718
1721001600000,60942.32773996293,2024-07-15 00:00:00,61163.654235118054,0.03025403780489966,-0.0024344899878471623
1721088000000,64835.48973321571,2024-07-16 00:00:00,61118.48764325479,0.06388272548210927,-0.0003956610786150061
1721174400000,65162.23625234354,2024-07-17 00:00:00,61070.04425762232,0.005039624447541247,-0.00044172768462310554
1721260800000,64136.31384360687,2024-07-18 00:00:00,60992.57508643924,-0.015744125244010032,-0.0008888978982924807
1721347200000,63959.56900809379,2024-07-19 00:00:00,60954.250226302676,-0.002755768533003966,-0.00030312305495608924
1721433600000,66689.54880734957,2024-07-20 00:00:00,61013.666032960886,0.04268289861225161,0.0012231790294839082
1721520000000,67206.06470614894,2024-07-21 00:00:00,61092.37904256661,0.007745080121796422,0.0015133942776414963
1721606400000,68088.13996324532,2024-07-22 00:00:00,61226.26289851779,0.013124935390178782,0.002348277691984409
1721692800000,67607.71339918874,2024-07-23 00:00:00,61338.52322888637,-0.007055950776683417,0.0020255318912327422
1721779200000,65942.41746522837,2024-07-24 00:00:00,61429.225231581484,-0.02463174466687923,0.0017329853763851728
1721865600000,65403.53513022529,2024-07-25 00:00:00,61597.235236745786,-0.00817201364034359,0.0029675242047416486
1721952000000,65749.96361965332,2024-07-26 00:00:00,61729.88689506438,0.005296785391466274,0.0023670219320998443
1722038400000,67920.2964857025,2024-07-27 00:00:00,61968.90023812046,0.03300888314713002,0.004018022714824747
1722124800000,68055.40838968738,2024-07-28 00:00:00,62185.32567359336,0.001989271410399507,0.0036383781156049343
1722211200000,68242.2474440493,2024-07-29 00:00:00,62449.49735574664,0.0027453961232892787,0.004404298307622912
1722297600000,66770.32091848266,2024-07-30 00:00:00,62646.35994763159,-0.02156913906995006,0.0033828443981516335
1722384000000,66219.05102486102,2024-07-31 00:00:00,62762.51518714512,-0.00825621153288536,0.0020835305613440677
1722470400000,64679.77864703252,2024-08-01 00:00:00,62824.51373307226,-0.023245159119701042,0.0012633003269846954
1722556800000,65357.52960767435,2024-08-02 00:00:00,62935.012552091386,0.010478560298426753,0.0020250124086427976
1722643200000,61407.29547397454,2024-08-03 00:00:00,62973.76637574616,-0.060440383187860935,0.0009762742663350643
1722729600000,60738.7449250574,2024-08-04 00:00:00,63092.085402445206,-0.010887151823849361,0.002303978568048115
1722816000000,58006.206586686734,2024-08-05 00:00:00,63134.29686029903,-0.044988389894164094,0.0010662515432340832
1722902400000,53956.26184159744,2024-08-06 00:00:00,62991.82278321139,-0.06981916217942807,-0.002136758777688852
1722988800000,55959.84107399357,2024-08-07 00:00:00,62994.47163975549,0.03713339590274356,0.00044631230830325384
1723075200000,55099.95181146735,2024-08-08 00:00:00,62942.29867568705,-0.015366184857266152,-0.000534016070362157
1723161600000,61859.03159904161,2024-08-09 00:00:00,63071.3229452523,0.12266943192076574,0.0027766129878060266
1723248000000,60912.588533350805,2024-08-10 00:00:00,63178.269153548565,-0.015299998096081957,0.0024299225524477422
1723334400000,60887.70861641504,2024-08-11 00:00:00,63294.919691456846,-0.00040845279333590057,0.002598853266392546
1723420800000,58804.23449992608,2024-08-12 00:00:00,63325.084542871184,-0.03421830388813907,0.001161378075498065
1723507200000,59350.07433270696,2024-08-13 00:00:00,63331.663049332325,0.009282321884175992,0.000749173621119729
1723593600000,60601.22317789727,2024-08-14 00:00:00,63320.29289726346,0.02108083029814889,0.00044340003756137
1723680000000,58739.19382231015,2024-08-15 00:00:00,63117.08303356662,-0.030725936836638712,-0.0027102220397302295
1723766400000,57624.11692852191,2024-08-16 00:00:00,62865.81238943923,-0.018983523968024274,-0.0035109936535824135
1723852800000,58881.92579151217,2024-08-17 00:00:00,62690.66612103607,0.021827820191161917,-0.002258595472410015
1723939200000,59430.79163445865,2024-08-18 00:00:00,62539.70687524823,0.009321465552772246,-0.0018560210028841413
1724025600000,58438.29374268541,2024-08-19 00:00:00,62264.665039759435,-0.01670006177736616,-0.0038354530158714
1724112000000,59574.94581294088,2024-08-20 00:00:00,62010.29440998582,0.019450466422930912,-0.0034452734725002507
1724198400000,59060.12610074137,2024-08-21 00:00:00,61709.36061456903,-0.008641547301041497,-0.004170822895540926
1724284800000,61144.68762866613,2024-08-22 00:00:00,61493.926422218276,0.03529558207121042,-0.0027591051339444653
1724371200000,60387.54062321362,2024-08-23 00:00:00,61308.76386081778,-0.01238287469960897,-0.00235080946836879
1724457600000,64049.68561555576,2024-08-24 00:00:00,61263.63554366212,0.06064404932785705,-5.6940702762101984e-05
1724544000000,64157.1606134782,2024-08-25 00:00:00,61210.542110122966,0.0016779941523450415,-0.00017756707739947642
1724630400000,64265.81631272862,2024-08-26 00:00:00,61088.72610435716,0.0016935864712752657,-0.0012214102999279681
1724716800000,62922.58634676265,2024-08-27 00:00:00,60917.63203625967,-0.02090115776993451,-0.001984424605939102
1724803200000,59526.560879590994,2024-08-28 00:00:00,60627.109150777724,-0.05397148566742571,-0.0038749873322962685
1724889600000,59015.29633887944,2024-08-29 00:00:00,60368.60833145762,-0.008588847283580336,-0.0034423109394172775
1724976000000,59351.5794909728,2024-08-30 00:00:00,60139.692613661355,0.005698237117413463,-0.0029771626510739836
1725062400000,59156.24603646356,2024-08-31 00:00:00,59955.57485997571,-0.003291124788666222,-0.002312028173372823
1725148800000,58960.23658664587,2024-09-01 00:00:00,59742.33175927477,-0.0033134193420061298,-0.002771760828053919
1725235200000,57357.71617282246,2024-09-02 00:00:00,59607.345782569704,-0.027179680859461985,-0.0016630707504406207
1725321600000,59108.73235863689,2024-09-03 00:00:00,59553.012030355676,0.030527996974958116,-0.00028256579048037135
1725408000000,57504.53858622044,2024-09-04 00:00:00,59536.28976367347,-0.02713970860824999,0.0003123902523834321
1725494400000,57987.84601410068,2024-09-05 00:00:00,59670.675902756906,0.008404683173930394,0.0029198517641620477
1725580800000,56132.4047320886,2024-09-06 00:00:00,59676.42802469341,-0.03199707196506141,0.0006155028352352154
1725667200000,53923.35611071905,2024-09-07 00:00:00,59637.2081680018,-0.03935424879644844,-0.00018409929607086096
1725753600000,54150.9383589072,2024-09-08 00:00:00,59380.271726663996,0.004220476331644907,-0.004132397815708222
1725840000000,54792.40755768575,2024-09-09 00:00:00,59176.26569414182,0.0118459479783517,-0.0032275329465604333
1725926400000,57049.11875114327,2024-09-10 00:00:00,59048.312698632755,0.04118656751999161,-0.0018410322694495163
1726012800000,57624.16178336144,2024-09-11 00:00:00,59008.976941413945,0.010079788168623427,-0.0003644292008907664
1726099200000,57381.76444500048,2024-09-12 00:00:00,58943.366611823716,-0.004206522591551964,-0.0008140573500816983
1726185600000,58106.95122981528,2024-09-13 00:00:00,58860.22421355432,0.012637931088889331,-0.0010954873237236835
1726272000000,60620.62747295754,2024-09-14 00:00:00,58922.9386685759,0.04325947567272248,0.001370693093255023
1726358400000,60003.29940083042,2024-09-15 00:00:00,59002.244750986196,-0.010183465560505756,0.0016640283735056402
1726444800000,59214.80226801806,2024-09-16 00:00:00,59013.34063353638,-0.013140896262138768,0.0004984044917289506
1726531200000,58211.123231286256,2024-09-17 00:00:00,58972.685020097306,-0.0169497996833452,-0.0003773043494749643
1726617600000,60317.0319794625,2024-09-18 00:00:00,59035.309627989875,0.03617708491569527,0.0013852672069604166
1726704000000,61440.41208494509,2024-09-19 00:00:00,59097.49183705668,0.01862459190407595,0.001357738056331918
1726790400000,62966.52931910512,2024-09-20 00:00:00,59227.70527766881,0.024838981093584955,0.002473755669486133
1726876800000,63128.224540748255,2024-09-21 00:00:00,59293.82317473821,0.0025679551245978427,0.0013828347712657137
1726963200000,63403.40234925936,2024-09-22 00:00:00,59394.351898939734,0.004359029744824827,0.0019408982527468403
1727049600000,63582.59956924825,2024-09-23 00:00:00,59378.78236406282,0.00282630290093544,1.3640038516119872e-05
1727136000000,63327.02654450202,2024-09-24 00:00:00,59351.11122843027,-0.004019543498970712,-0.00017627788319440524
1727222400000,64334.14274876097,2024-09-25 00:00:00,59353.38877629802,0.01590341848043697,0.0002973831837776516
1727308800000,63151.89959401337,2024-09-26 00:00:00,59361.03255120639,-0.018376605395435508,0.0003815349295942849
1727395200000,65130.76884023231,2024-09-27 00:00:00,59547.83948322776,0.03133507082036435,0.0032250868125206205
1727481600000,65791.00212541742,2024-09-28 00:00:00,59773.69634277902,0.010137041170275252,0.0038492830943158067
1727560796000,65668.24748386611,2024-09-28 21:59:56,59984.251942542134,-0.0018658272041106594,0.003597147616931669
